{
  "ProcessDate": "2021-09-08T00:00:00+05:30",
  "Items": [
    {
      "Id": 1,
      "ClientName": "GrantPark",
      "Percentage": 61.41
    },
    {
      "Id": 2,
      "ClientName": "LGT",
      "Percentage": 11.84
    },
    {
      "Id": 3,
      "ClientName": "Crabel",
      "Percentage": 10.85
    },
    {
      "Id": 4,
      "ClientName": "Crown managed",
      "Percentage": 4.67
    },
    {
      "Id": 5,
      "ClientName": "Cheskpeck",
      "Percentage": 4.18
    },
    {
      "Id": 6,
      "ClientName": "Beach",
      "Percentage": 1.64
    },
    {
      "Id": 7,
      "ClientName": "ACIM",
      "Percentage": 1.6
    },
    {
      "Id": 8,
      "ClientName": "Prelude",
      "Percentage": 1.2
    },
    {
      "Id": 9,
      "ClientName": "Blue Diamond",
      "Percentage": 2.61
    }
  ]
}