{
  "Items": [
    {
      "Id": 1,
      "ApplicationName": "NAVMain",
      "ServerName": "INSAPPDEVV24",
      "ServiceName": "MainPNLServiceProductType",
      "ServiceUrl": "C:\\Users\\shivamt\\Desktop\\WebAPI\\Models",
      "ServiceDescription": "MainPNLServiceProductType",
      "Status": "",
      "userName": null
    },
    {
      "Id": 2,
      "ApplicationName": "NAVMDM",
      "ServerName": "INSAPPDEVV24",
      "ServiceName": "MDMEntityPerformanceImprovementService",
      "ServiceUrl": "C:\\Users\\shivamt\\Desktop\\WebAPI\\Models",
      "ServiceDescription": "MDM Service",
      "Status": "",
      "userName": null
    },
    {
      "Id": 3,
      "ApplicationName": "NAVMDM",
      "ServerName": "INSAPPDEVV24",
      "ServiceName": "MDMIntegrationService-WeekendWorking",
      "ServiceUrl": "C:\\Users\\shivamt\\Desktop\\WebAPI\\Models",
      "ServiceDescription": "MDMIntegrationService-WeekendWorking",
      "Status": "",
      "userName": null
    },
    {
      "Id": 4,
      "ApplicationName": "NAVMDM",
      "ServerName": "INSAPPDEVV24",
      "ServiceName": "MDMIntegrationWIthServerMainUAT",
      "ServiceUrl": "C:\\Users\\shivamt\\Desktop\\WebAPI\\Models",
      "ServiceDescription": "MDMIntegrationWIthServerMainUAT",
      "Status": "",
      "userName": null
    },
    {
      "Id": 5,
      "ApplicationName": "NAVMain2",
      "ServerName": "INSAPPDEVV24",
      "ServiceName": "MDMMain2HolidayService",
      "ServiceUrl": "C:\\Users\\shivamt\\Desktop\\WebAPI\\Models",
      "ServiceDescription": "MDMMain2HolidayService",
      "Status": "",
      "userName": null
    },
    {
      "Id": 6,
      "ApplicationName": "NAVMDM",
      "ServerName": "INSAPPDEVV24",
      "ServiceName": "MDMServiceForRelease",
      "ServiceUrl": "C:\\Users\\shivamt\\Desktop\\WebAPI\\Models",
      "ServiceDescription": "MDMServiceForRelease",
      "Status": "",
      "userName": null
    },
    {
      "Id": 7,
      "ApplicationName": "NAVMDM",
      "ServerName": "INSAPPDEVV24",
      "ServiceName": "MDMSubscriberService",
      "ServiceUrl": "C:\\Users\\shivamt\\Desktop\\WebAPI\\Models",
      "ServiceDescription": "MDMSubscriberService",
      "Status": "",
      "userName": null
    },
    {
      "Id": 8,
      "ApplicationName": "NAVMain",
      "ServerName": "INSAPPDEVV24",
      "ServiceName": "NavCommonServiceMain",
      "ServiceUrl": "C:\\Users\\shivamt\\Desktop\\WebAPI\\Models",
      "ServiceDescription": "NavCommonServiceMain",
      "Status": "",
      "userName": null
    },
    {
      "Id": 9,
      "ApplicationName": "NAVMain2",
      "ServerName": "INSAPPDEVV24",
      "ServiceName": "NavCommonServiceMain2",
      "ServiceUrl": "C:\\Users\\shivamt\\Desktop\\WebAPI\\Models",
      "ServiceDescription": "NavCommonServiceMain2",
      "Status": "",
      "userName": null
    },
    {
      "Id": 10,
      "ApplicationName": "NAVMain2",
      "ServerName": "INSAPPDEVV24",
      "ServiceName": "NavCommonServiceMain2new",
      "ServiceUrl": "C:\\Users\\shivamt\\Desktop\\WebAPI\\Models",
      "ServiceDescription": "NavCommonServiceMain2new",
      "Status": "",
      "userName": null
    },
    {
      "Id": 11,
      "ApplicationName": "NAVMain2",
      "ServerName": "INSAPPDEVV24",
      "ServiceName": "NavCorporateActionService",
      "ServiceUrl": "C:\\Users\\shivamt\\Desktop\\WebAPI\\Models",
      "ServiceDescription": "NavCorporateActionService",
      "Status": "",
      "userName": null
    },
    {
      "Id": 12,
      "ApplicationName": "NAVMain2",
      "ServerName": "INSAPPDEVV24",
      "ServiceName": "NAVExtractionService",
      "ServiceUrl": "C:\\Users\\shivamt\\Desktop\\WebAPI\\Models",
      "ServiceDescription": "NAVExtractionService",
      "Status": "",
      "userName": null
    },
    {
      "Id": 13,
      "ApplicationName": "NAVMain2",
      "ServerName": "INSAPPDEVV24",
      "ServiceName": "NAVFactoredTradeService",
      "ServiceUrl": "C:\\Users\\shivamt\\Desktop\\WebAPI\\Models",
      "ServiceDescription": "NAVFactoredTradeService",
      "Status": "",
      "userName": null
    },
    {
      "Id": 14,
      "ApplicationName": "NAVMain2",
      "ServerName": "INSAPPDEVV24",
      "ServiceName": "NAVFactorTradeServiceMain2",
      "ServiceUrl": "C:\\Users\\shivamt\\Desktop\\WebAPI\\Models",
      "ServiceDescription": "NAVFactorTradeServiceMain2",
      "Status": "",
      "userName": null
    },
    {
      "Id": 15,
      "ApplicationName": "NAVMain2",
      "ServerName": "INSAPPDEVV24",
      "ServiceName": "NavFactorTradeServiceNew",
      "ServiceUrl": "C:\\Users\\shivamt\\Desktop\\WebAPI\\Models",
      "ServiceDescription": "NavFactorTradeServiceNew",
      "Status": "",
      "userName": null
    },
    {
      "Id": 16,
      "ApplicationName": "NAVMain2",
      "ServerName": "INSAPPDEVV24",
      "ServiceName": "NavFileService",
      "ServiceUrl": "C:\\Users\\shivamt\\Desktop\\WebAPI\\Models",
      "ServiceDescription": "NavFileService",
      "Status": "",
      "userName": null
    },
    {
      "Id": 17,
      "ApplicationName": "NAVMain2",
      "ServerName": "INSAPPDEVV24",
      "ServiceName": "NAVFundOnBoardExtractionService",
      "ServiceUrl": "C:\\Users\\shivamt\\Desktop\\WebAPI\\Models",
      "ServiceDescription": "NAVFundOnBoardExtractionService",
      "Status": "",
      "userName": null
    },
    {
      "Id": 18,
      "ApplicationName": "NAVMain2",
      "ServerName": "INSAPPDEVV24",
      "ServiceName": "NAVFundOnBoardSignOffService",
      "ServiceUrl": "C:\\Users\\shivamt\\Desktop\\WebAPI\\Models",
      "ServiceDescription": "NAVFundOnBoardSignOffService",
      "Status": "",
      "userName": null
    },
    {
      "Id": 19,
      "ApplicationName": "NAVMain2",
      "ServerName": "INSAPPDEVV24",
      "ServiceName": "NavMain2MDMIntegrationService",
      "ServiceUrl": "C:\\Users\\shivamt\\Desktop\\WebAPI\\Models",
      "ServiceDescription": "NavMain2MDMIntegrationService",
      "Status": "",
      "userName": null
    },
    {
      "Id": 20,
      "ApplicationName": "NAVMain2",
      "ServerName": "INSAPPDEVV24",
      "ServiceName": "NAVMain2PNLChecks",
      "ServiceUrl": "C:\\Users\\shivamt\\Desktop\\WebAPI\\Models",
      "ServiceDescription": "NAVMain2PNLChecks",
      "Status": "",
      "userName": null
    },
    {
      "Id": 21,
      "ApplicationName": "NAVMain2",
      "ServerName": "INSAPPDEVV24",
      "ServiceName": "NAVMain2PNLChecks2",
      "ServiceUrl": "C:\\Users\\shivamt\\Desktop\\WebAPI\\Models",
      "ServiceDescription": "NAVMain2PNLChecks2",
      "Status": "",
      "userName": null
    },
    {
      "Id": 22,
      "ApplicationName": "NAVMain",
      "ServerName": "INSAPPDEVV24",
      "ServiceName": "NavMainIntegration1GraylogService",
      "ServiceUrl": "C:\\Users\\shivamt\\Desktop\\WebAPI\\Models",
      "ServiceDescription": "NavMainIntegration1GraylogService",
      "Status": "",
      "userName": null
    },
    {
      "Id": 23,
      "ApplicationName": "NAVMain",
      "ServerName": "INSAPPDEVV24",
      "ServiceName": "NAVMAINIntegrationService",
      "ServiceUrl": "C:\\Users\\shivamt\\Desktop\\WebAPI\\Models",
      "ServiceDescription": "NAVMAINIntegrationService",
      "Status": "",
      "userName": null
    },
    {
      "Id": 24,
      "ApplicationName": "NAVMain",
      "ServerName": "INSAPPDEVV24",
      "ServiceName": "NAVMAINIntegrationServiceSqlIndia2008",
      "ServiceUrl": "C:\\Users\\shivamt\\Desktop\\WebAPI\\Models",
      "ServiceDescription": "NAVMAINIntegrationServiceSqlIndia2008",
      "Status": "",
      "userName": null
    },
    {
      "Id": 25,
      "ApplicationName": "NAVMain",
      "ServerName": "INSAPPDEVV24",
      "ServiceName": "NavMainPNLService",
      "ServiceUrl": "C:\\Users\\shivamt\\Desktop\\WebAPI\\Models",
      "ServiceDescription": "NavMainPNLService",
      "Status": "",
      "userName": null
    },
    {
      "Id": 26,
      "ApplicationName": "NAVMDM",
      "ServerName": "INSAPPDEVV24",
      "ServiceName": "NavMDmBrokerAttributeService",
      "ServiceUrl": "C:\\Users\\shivamt\\Desktop\\WebAPI\\Models",
      "ServiceDescription": "NavMDmBrokerAttributeService",
      "Status": "",
      "userName": null
    },
    {
      "Id": 27,
      "ApplicationName": "NAVMDM",
      "ServerName": "INSAPPDEVV24",
      "ServiceName": "NAVMDMBrokerAttributeUATService",
      "ServiceUrl": "C:\\Users\\shivamt\\Desktop\\WebAPI\\Models",
      "ServiceDescription": "NAVMDMBrokerAttributeUATService",
      "Status": "",
      "userName": null
    },
    {
      "Id": 28,
      "ApplicationName": "NAVMDM",
      "ServerName": "INSAPPDEVV24",
      "ServiceName": "NavMDMDoubleEntryService",
      "ServiceUrl": "C:\\Users\\shivamt\\Desktop\\WebAPI\\Models",
      "ServiceDescription": "NavMDMDoubleEntryService",
      "Status": "",
      "userName": null
    },
    {
      "Id": 29,
      "ApplicationName": "NAVMDM",
      "ServerName": "INSAPPDEVV24",
      "ServiceName": "NavMDMEntityPhase3Service",
      "ServiceUrl": "C:\\Users\\shivamt\\Desktop\\WebAPI\\Models",
      "ServiceDescription": "NavMDMEntityPhase3Service",
      "Status": "",
      "userName": null
    },
    {
      "Id": 30,
      "ApplicationName": "NAVMDM",
      "ServerName": "INSAPPDEVV24",
      "ServiceName": "NavMDMIntegrationServiceMain",
      "ServiceUrl": "C:\\Users\\shivamt\\Desktop\\WebAPI\\Models",
      "ServiceDescription": "NavMDMIntegrationServiceMain",
      "Status": "",
      "userName": null
    },
    {
      "Id": 31,
      "ApplicationName": "NAVMain",
      "ServerName": "INSAPPDEVV24",
      "ServiceName": "NavMDMIntegrationServiceMainDev",
      "ServiceUrl": "C:\\Users\\shivamt\\Desktop\\WebAPI\\Models",
      "ServiceDescription": "NavMDMIntegrationServiceMainDev",
      "Status": "",
      "userName": null
    },
    {
      "Id": 32,
      "ApplicationName": "NAVMDM",
      "ServerName": "INSAPPDEVV24",
      "ServiceName": "NavMDMNewAttributesUAT",
      "ServiceUrl": "C:\\Users\\shivamt\\Desktop\\WebAPI\\Models",
      "ServiceDescription": "NavMDMNewAttributesUAT",
      "Status": "",
      "userName": null
    },
    {
      "Id": 33,
      "ApplicationName": "NAVMDM",
      "ServerName": "INSAPPDEVV24",
      "ServiceName": "NavMDMNewAttributesValidationService",
      "ServiceUrl": "C:\\Users\\shivamt\\Desktop\\WebAPI\\Models",
      "ServiceDescription": "NavMDMNewAttributesValidationService",
      "Status": "",
      "userName": null
    },
    {
      "Id": 34,
      "ApplicationName": "NAVMDM",
      "ServerName": "INSAPPDEVV24",
      "ServiceName": "NAVMDMPublisherService",
      "ServiceUrl": "C:\\Users\\shivamt\\Desktop\\WebAPI\\Models",
      "ServiceDescription": "NAVMDMPublisherService",
      "Status": "",
      "userName": null
    },
    {
      "Id": 35,
      "ApplicationName": "NAVMDM",
      "ServerName": "INSAPPDEVV24",
      "ServiceName": "NavMDMReleaseService",
      "ServiceUrl": "C:\\Users\\shivamt\\Desktop\\WebAPI\\Models",
      "ServiceDescription": "NavMDMReleaseService",
      "Status": "",
      "userName": null
    },
    {
      "Id": 36,
      "ApplicationName": "NAVMDM",
      "ServerName": "INSAPPDEVV24",
      "ServiceName": "NavMDMService",
      "ServiceUrl": "C:\\Users\\shivamt\\Desktop\\WebAPI\\Models",
      "ServiceDescription": "NavMDMService",
      "Status": "",
      "userName": null
    },
    {
      "Id": 37,
      "ApplicationName": "NAVMDM",
      "ServerName": "INSAPPDEVV24",
      "ServiceName": "NavMdmServiceForLinux",
      "ServiceUrl": "C:\\Users\\shivamt\\Desktop\\WebAPI\\Models",
      "ServiceDescription": "NavMdmServiceForLinux",
      "Status": "",
      "userName": null
    },
    {
      "Id": 38,
      "ApplicationName": "NAVMDM",
      "ServerName": "INSAPPDEVV24",
      "ServiceName": "NavMDMServiceTest",
      "ServiceUrl": "C:\\Users\\shivamt\\Desktop\\WebAPI\\Models",
      "ServiceDescription": "NavMDMServiceTest",
      "Status": "",
      "userName": null
    },
    {
      "Id": 39,
      "ApplicationName": "NAVMDM",
      "ServerName": "INSAPPDEVV24",
      "ServiceName": "NAVMDMSubscriberService",
      "ServiceUrl": "C:\\Users\\shivamt\\Desktop\\WebAPI\\Models",
      "ServiceDescription": "NAVMDMSubscriberService",
      "Status": "",
      "userName": null
    },
    {
      "Id": 40,
      "ApplicationName": "NAVMDM",
      "ServerName": "INSAPPDEVV24",
      "ServiceName": "NavMDMTPSIntegrationAPIService",
      "ServiceUrl": "C:\\Users\\shivamt\\Desktop\\WebAPI\\Models",
      "ServiceDescription": "NavMDMTPSIntegrationAPIService",
      "Status": "",
      "userName": null
    },
    {
      "Id": 41,
      "ApplicationName": "NAVMDM",
      "ServerName": "INSAPPDEVV24",
      "ServiceName": "NavMDMWeekendHoliday",
      "ServiceUrl": "C:\\Users\\shivamt\\Desktop\\WebAPI\\Models",
      "ServiceDescription": "NavMDMWeekendHoliday",
      "Status": "",
      "userName": null
    },
    {
      "Id": 42,
      "ApplicationName": "NAVMain2",
      "ServerName": "INSAPPDEVV24",
      "ServiceName": "NavPNLMain2DevService",
      "ServiceUrl": "C:\\Users\\shivamt\\Desktop\\WebAPI\\Models",
      "ServiceDescription": "NavPNLMain2DevService",
      "Status": "",
      "userName": null
    },
    {
      "Id": 43,
      "ApplicationName": "NAVMain2",
      "ServerName": "INSAPPDEVV24",
      "ServiceName": "NAVPNLMain2Improvement",
      "ServiceUrl": "C:\\Users\\shivamt\\Desktop\\WebAPI\\Models",
      "ServiceDescription": "NAVPNLMain2Improvement",
      "Status": "",
      "userName": null
    },
    {
      "Id": 44,
      "ApplicationName": "NAVMain",
      "ServerName": "INSAPPDEVV24",
      "ServiceName": "NavPNLReconService",
      "ServiceUrl": "C:\\Users\\shivamt\\Desktop\\WebAPI\\Models",
      "ServiceDescription": "NavPNLReconService",
      "Status": "",
      "userName": null
    },
    {
      "Id": 45,
      "ApplicationName": "NAVMain2",
      "ServerName": "INSAPPDEVV24",
      "ServiceName": "NAVPNLSERVICE",
      "ServiceUrl": "C:\\Users\\shivamt\\Desktop\\WebAPI\\Models",
      "ServiceDescription": "NAVPNLSERVICE",
      "Status": "",
      "userName": null
    },
    {
      "Id": 46,
      "ApplicationName": "NAVMain2",
      "ServerName": "INSAPPDEVV24",
      "ServiceName": "NavPNLServiceEqPrd",
      "ServiceUrl": "C:\\Users\\shivamt\\Desktop\\WebAPI\\Models",
      "ServiceDescription": "NavPNLServiceEqPrd",
      "Status": "",
      "userName": null
    },
    {
      "Id": 47,
      "ApplicationName": "NAVMin2",
      "ServerName": "INSAPPDEVV24",
      "ServiceName": "NAVPNLServiceExchRate",
      "ServiceUrl": "C:\\Users\\shivamt\\Desktop\\WebAPI\\Models",
      "ServiceDescription": "NAVPNLServiceExchRate",
      "Status": "",
      "userName": null
    },
    {
      "Id": 48,
      "ApplicationName": "NAVMain2",
      "ServerName": "INSAPPDEVV24",
      "ServiceName": "NAVPNLServiceLOG",
      "ServiceUrl": "C:\\Users\\shivamt\\Desktop\\WebAPI\\Models",
      "ServiceDescription": "NAVPNLServiceLOG",
      "Status": "",
      "userName": null
    },
    {
      "Id": 49,
      "ApplicationName": "NAVMain2",
      "ServerName": "INSAPPDEVV24",
      "ServiceName": "NavPNLServiceMain2Dev2",
      "ServiceUrl": "C:\\Users\\shivamt\\Desktop\\WebAPI\\Models",
      "ServiceDescription": "NavPNLServiceMain2Dev2",
      "Status": "",
      "userName": null
    },
    {
      "Id": 50,
      "ApplicationName": "NAVMain2",
      "ServerName": "INSAPPDEVV24",
      "ServiceName": "NavPNLServiceMain2UAT",
      "ServiceUrl": "C:\\Users\\shivamt\\Desktop\\WebAPI\\Models",
      "ServiceDescription": "NavPNLServiceMain2UAT",
      "Status": "",
      "userName": null
    },
    {
      "Id": 51,
      "ApplicationName": "NAVMain2",
      "ServerName": "INSAPPDEVV24",
      "ServiceName": "NavPortfolioAutomate",
      "ServiceUrl": "C:\\Users\\shivamt\\Desktop\\WebAPI\\Models",
      "ServiceDescription": "NavPortfolioAutomate",
      "Status": "",
      "userName": null
    },
    {
      "Id": 52,
      "ApplicationName": "NAVMain2",
      "ServerName": "INSAPPDEVV24",
      "ServiceName": "NAVPricingValuation",
      "ServiceUrl": "C:\\Users\\shivamt\\Desktop\\WebAPI\\Models",
      "ServiceDescription": "NAVPricingValuation",
      "Status": "",
      "userName": null
    },
    {
      "Id": 53,
      "ApplicationName": "NAVMDM",
      "ServerName": "INSAPPDEVV24",
      "ServiceName": "NAVPublishService",
      "ServiceUrl": "C:\\Users\\shivamt\\Desktop\\WebAPI\\Models",
      "ServiceDescription": "NAVPublishService",
      "Status": "",
      "userName": null
    },
    {
      "Id": 54,
      "ApplicationName": "NAVMain2",
      "ServerName": "INSAPPDEVV24",
      "ServiceName": "NAVReconService",
      "ServiceUrl": "C:\\Users\\shivamt\\Desktop\\WebAPI\\Models",
      "ServiceDescription": "NAVReconService",
      "Status": "",
      "userName": null
    },
    {
      "Id": 55,
      "ApplicationName": "NAVMain2",
      "ServerName": "INSAPPDEVV24",
      "ServiceName": "NavReleaseFactoredTradeService",
      "ServiceUrl": "C:\\Users\\shivamt\\Desktop\\WebAPI\\Models",
      "ServiceDescription": "NavReleaseFactoredTradeService",
      "Status": "",
      "userName": null
    },
    {
      "Id": 56,
      "ApplicationName": "NAVMain2",
      "ServerName": "INSAPPDEVV24",
      "ServiceName": "NAVSecurityExtractionService",
      "ServiceUrl": "C:\\Users\\shivamt\\Desktop\\WebAPI\\Models",
      "ServiceDescription": "NAVSecurityExtractionService",
      "Status": "",
      "userName": null
    },
    {
      "Id": 57,
      "ApplicationName": "NAVMain2",
      "ServerName": "INSAPPDEVV24",
      "ServiceName": "NavSecurityImapctServiceDev",
      "ServiceUrl": "C:\\Users\\shivamt\\Desktop\\WebAPI\\Models",
      "ServiceDescription": "NavSecurityImapctServiceDev",
      "Status": "",
      "userName": null
    },
    {
      "Id": 58,
      "ApplicationName": "NAVMain2",
      "ServerName": "INSAPPDEVV24",
      "ServiceName": "NAVSecurityImpactMain2",
      "ServiceUrl": "C:\\Users\\shivamt\\Desktop\\WebAPI\\Models",
      "ServiceDescription": "NAVSecurityImpactMain2",
      "Status": "",
      "userName": null
    }
  ]
}