{
  "ProcessDate": "2021-10-19T00:00:00+05:30",
  "AsOfDateTime": "0001-01-01T00:00:00",
  "Name": "Any",
  "Items": [
    {
      "ClientId": 1056,
      "ClientName": "LGT",
      "AccountName": "LGT Fund",
      "Status": "Pending"
    },
    {
      "ClientId": 1045,
      "ClientName": "Boothbay Diversified Alpha",
      "AccountName": "BDAM SKY CREEK",
      "Status": "File Reading"
    },
    {
      "ClientId": 1068,
      "ClientName": "Crown Linden",
      "AccountName": "Crown Linden SP",
      "Status": "Pending"
    },
    {
      "ClientId": 1078,
      "ClientName": "Arlington",
      "AccountName": "Arlington Fund",
      "Status": "File Reading"
    }
  ]
}