{
  "Id": 1,
  "ProcessDate": "2021-09-06T00:00:00+05:30",
  "Items": [
    {
      "Id": 1,
      "ProcessName": "All",
      "Percentage": 40.0
    },
    {
      "Id": 2,
      "ProcessName": "Client Reading",
      "Percentage": 15.0
    },
    {
      "Id": 3,
      "ProcessName": "Generation",
      "Percentage": 10.85
    },
    {
      "Id": 4,
      "ProcessName": "Sign off",
      "Percentage": 8.0
    },
    {
      "Id": 5,
      "ProcessName": "Broker Reading",
      "Percentage": 2.0
    },
    {
      "Id": 6,
      "ProcessName": "Recon",
      "Percentage": 7.0
    },
    {
      "Id": 7,
      "ProcessName": "Post Recon",
      "Percentage": 11.0
    },
    {
      "Id": 8,
      "ProcessName": "Client data transfer",
      "Percentage": 5.0
    },
    {
      "Id": 9,
      "ProcessName": "Performance Status",
      "Percentage": 20.0
    }
  ]
}